{
  "statistics": {
    "detectionDate": "2025-11-12T15:47:26.671Z",
    "formats": {
      "typescript": {
        "sources": {
          "app/static/src/types/react-katex.d.ts": {
            "lines": 10,
            "tokens": 111,
            "sources": 1,
            "clones": 0,
            "duplicatedLines": 0,
            "duplicatedTokens": 0,
            "percentage": 0,
            "percentageTokens": 0,
            "newDuplicatedLines": 0,
            "newClones": 0
          },
          "vite.config.ts": {
            "lines": 91,
            "tokens": 677,
            "sources": 1,
            "clones": 0,
            "duplicatedLines": 0,
            "duplicatedTokens": 0,
            "percentage": 0,
            "percentageTokens": 0,
            "newDuplicatedLines": 0,
            "newClones": 0
          }
        },
        "total": {
          "lines": 101,
          "tokens": 788,
          "sources": 2,
          "clones": 0,
          "duplicatedLines": 0,
          "duplicatedTokens": 0,
          "percentage": 0,
          "percentageTokens": 0,
          "newDuplicatedLines": 0,
          "newClones": 0
        }
      },
      "css": {
        "sources": {
          "app/static/src/styles/globals.css": {
            "lines": 197,
            "tokens": 1158,
            "sources": 1,
            "clones": 0,
            "duplicatedLines": 0,
            "duplicatedTokens": 0,
            "percentage": 0,
            "percentageTokens": 0,
            "newDuplicatedLines": 0,
            "newClones": 0
          },
          "app/static/css/superhuman-ui.css": {
            "lines": 675,
            "tokens": 4404,
            "sources": 1,
            "clones": 0,
            "duplicatedLines": 0,
            "duplicatedTokens": 0,
            "percentage": 0,
            "percentageTokens": 0,
            "newDuplicatedLines": 0,
            "newClones": 0
          },
          "SUPERHUMAN_UI_GUIDE.md": {
            "lines": 0,
            "tokens": 7,
            "sources": 1,
            "clones": 0,
            "duplicatedLines": 0,
            "duplicatedTokens": 0,
            "percentage": 0,
            "percentageTokens": 0,
            "newDuplicatedLines": 0,
            "newClones": 0
          },
          "SUPERHUMAN_STREAMING_FIX_AR.md": {
            "lines": 74,
            "tokens": 813,
            "sources": 1,
            "clones": 0,
            "duplicatedLines": 0,
            "duplicatedTokens": 0,
            "percentage": 0,
            "percentageTokens": 0,
            "newDuplicatedLines": 0,
            "newClones": 0
          }
        },
        "total": {
          "lines": 946,
          "tokens": 6382,
          "sources": 4,
          "clones": 0,
          "duplicatedLines": 0,
          "duplicatedTokens": 0,
          "percentage": 0,
          "percentageTokens": 0,
          "newDuplicatedLines": 0,
          "newClones": 0
        }
      },
      "javascript": {
        "sources": {
          "app/static/src/components/ThreeDScene.tsx": {
            "lines": 71,
            "tokens": 618,
            "sources": 1,
            "clones": 0,
            "duplicatedLines": 0,
            "duplicatedTokens": 0,
            "percentage": 0,
            "percentageTokens": 0,
            "newDuplicatedLines": 0,
            "newClones": 0
          },
          "app/static/src/components/ThemeProvider.tsx": {
            "lines": 0,
            "tokens": 7,
            "sources": 1,
            "clones": 0,
            "duplicatedLines": 0,
            "duplicatedTokens": 0,
            "percentage": 0,
            "percentageTokens": 0,
            "newDuplicatedLines": 0,
            "newClones": 0
          },
          "app/static/src/components/MathRenderer.tsx": {
            "lines": 40,
            "tokens": 345,
            "sources": 1,
            "clones": 0,
            "duplicatedLines": 0,
            "duplicatedTokens": 0,
            "percentage": 0,
            "percentageTokens": 0,
            "newDuplicatedLines": 0,
            "newClones": 0
          },
          "app/static/src/components/InteractiveChart.tsx": {
            "lines": 13,
            "tokens": 79,
            "sources": 1,
            "clones": 0,
            "duplicatedLines": 0,
            "duplicatedTokens": 0,
            "percentage": 0,
            "percentageTokens": 0,
            "newDuplicatedLines": 0,
            "newClones": 0
          },
          "app/static/src/components/DataVisualizationDemo.tsx": {
            "lines": 94,
            "tokens": 1069,
            "sources": 1,
            "clones": 0,
            "duplicatedLines": 0,
            "duplicatedTokens": 0,
            "percentage": 0,
            "percentageTokens": 0,
            "newDuplicatedLines": 0,
            "newClones": 0
          },
          "app/static/src/components/ArtifactRenderer.tsx": {
            "lines": 32,
            "tokens": 196,
            "sources": 1,
            "clones": 0,
            "duplicatedLines": 0,
            "duplicatedTokens": 0,
            "percentage": 0,
            "percentageTokens": 0,
            "newDuplicatedLines": 0,
            "newClones": 0
          },
          "app/static/src/components/AICodePlayground.tsx": {
            "lines": 7,
            "tokens": 43,
            "sources": 1,
            "clones": 0,
            "duplicatedLines": 0,
            "duplicatedTokens": 0,
            "percentage": 0,
            "percentageTokens": 0,
            "newDuplicatedLines": 0,
            "newClones": 0
          },
          "app/static/src/App.tsx": {
            "lines": 19,
            "tokens": 166,
            "sources": 1,
            "clones": 0,
            "duplicatedLines": 0,
